date,demand,Revenue,year,month,quarter,day_of_week,is_weekend,demand_lag_1,demand_lag_7,demand_lag_14,demand_lag_30,demand_ma_7,demand_ma_30,is_holiday_season,is_summer
2022-01-31,216,14544.72,2022,1,1,0,0,157.0,149.0,157.0,205.0,176.85714285714286,192.3,0,0
2022-02-01,203,15961.77,2022,2,1,1,0,216.0,183.0,207.0,188.0,186.42857142857142,192.66666666666666,0,0
2022-02-02,228,17404.49,2022,2,1,2,0,203.0,240.0,215.0,213.0,189.28571428571428,193.16666666666666,0,0
2022-02-03,198,15034.09,2022,2,1,3,0,228.0,160.0,186.0,203.0,187.57142857142858,193.66666666666666,0,0
2022-02-04,182,13385.51,2022,2,1,4,0,198.0,172.0,211.0,179.0,193.0,193.5,0,0
2022-02-05,228,15604.460000000001,2022,2,1,5,1,182.0,177.0,221.0,182.0,194.42857142857142,193.6,0,0
2022-02-06,194,17581.19,2022,2,1,6,1,228.0,157.0,193.0,195.0,201.71428571428572,195.13333333333333,0,0
2022-02-07,203,15079.89,2022,2,1,0,0,194.0,216.0,149.0,185.0,207.0,195.1,0,0
2022-02-08,197,14873.09,2022,2,1,1,0,203.0,203.0,183.0,208.0,205.14285714285714,195.7,0,0
2022-02-09,211,15374.65,2022,2,1,2,0,197.0,228.0,240.0,196.0,204.28571428571428,195.33333333333334,0,0
2022-02-10,198,14127.5,2022,2,1,3,0,211.0,198.0,160.0,200.0,201.85714285714286,195.83333333333334,0,0
2022-02-11,188,12195.27,2022,2,1,4,0,198.0,182.0,172.0,195.0,201.85714285714286,195.76666666666668,0,0
2022-02-12,224,15942.14,2022,2,1,5,1,188.0,228.0,177.0,214.0,202.71428571428572,195.53333333333333,0,0
2022-02-13,188,11294.73,2022,2,1,6,1,224.0,194.0,157.0,196.0,202.14285714285714,195.86666666666667,0,0
2022-02-14,201,12524.41,2022,2,1,0,0,188.0,203.0,216.0,181.0,201.28571428571428,195.6,0,0
2022-02-15,168,13132.09,2022,2,1,1,0,201.0,197.0,203.0,201.0,201.0,196.26666666666668,0,0
2022-02-16,212,15982.44,2022,2,1,2,0,168.0,211.0,228.0,157.0,196.85714285714286,195.16666666666666,0,0
2022-02-17,176,12398.31,2022,2,1,3,0,212.0,198.0,198.0,207.0,197.0,197.0,0,0
2022-02-18,210,14464.66,2022,2,1,4,0,176.0,188.0,182.0,215.0,193.85714285714286,195.96666666666667,0,0
2022-02-19,176,12644.41,2022,2,1,5,1,210.0,224.0,228.0,186.0,197.0,195.8,0,0
2022-02-20,203,14396.929999999998,2022,2,1,6,1,176.0,188.0,194.0,211.0,190.14285714285714,195.46666666666667,0,0
2022-02-21,216,15353.130000000001,2022,2,1,0,0,203.0,201.0,203.0,221.0,192.28571428571428,195.2,0,0
2022-02-22,234,16844.92,2022,2,1,1,0,216.0,168.0,197.0,193.0,194.42857142857142,195.03333333333333,0,0
2022-02-23,181,12368.79,2022,2,1,2,0,234.0,212.0,211.0,149.0,203.85714285714286,196.4,0,0
2022-02-24,186,11538.36,2022,2,1,3,0,181.0,176.0,198.0,183.0,199.42857142857142,197.46666666666667,0,0
2022-02-25,178,14926.96,2022,2,1,4,0,186.0,210.0,188.0,240.0,200.85714285714286,197.56666666666666,0,0
2022-02-26,157,15566.5,2022,2,1,5,1,178.0,176.0,224.0,160.0,196.28571428571428,195.5,0,0
2022-02-27,226,15869.47,2022,2,1,6,1,157.0,203.0,188.0,172.0,193.57142857142858,195.4,0,0
2022-02-28,227,18339.14,2022,2,1,0,0,226.0,216.0,201.0,177.0,196.85714285714286,197.2,0,0
2022-03-01,192,12144.179999999998,2022,3,1,1,0,227.0,234.0,168.0,157.0,198.42857142857142,198.86666666666667,0,0
2022-03-02,175,14560.8,2022,3,1,2,0,192.0,181.0,212.0,216.0,192.42857142857142,200.03333333333333,0,0
2022-03-03,175,13753.15,2022,3,1,3,0,175.0,186.0,176.0,203.0,191.57142857142858,198.66666666666666,0,0
2022-03-04,213,14916.98,2022,3,1,4,0,175.0,178.0,210.0,228.0,190.0,197.73333333333332,0,0
2022-03-05,213,14818.85,2022,3,1,5,1,213.0,157.0,176.0,198.0,195.0,197.23333333333332,0,0
2022-03-06,247,18242.45,2022,3,1,6,1,213.0,226.0,203.0,182.0,203.0,197.73333333333332,0,0
2022-03-07,198,12476.19,2022,3,1,0,0,247.0,227.0,216.0,228.0,206.0,199.9,0,0
2022-03-08,209,14984.009999999998,2022,3,1,1,0,198.0,192.0,234.0,194.0,201.85714285714286,198.9,0,0
2022-03-09,233,18826.100000000002,2022,3,1,2,0,209.0,175.0,181.0,203.0,204.28571428571428,199.4,0,0
2022-03-10,238,16154.92,2022,3,1,3,0,233.0,175.0,186.0,197.0,212.57142857142858,200.4,0,0
2022-03-11,187,12299.93,2022,3,1,4,0,238.0,213.0,178.0,211.0,221.57142857142858,201.76666666666668,0,0
2022-03-12,239,17043.75,2022,3,1,5,1,187.0,213.0,157.0,198.0,217.85714285714286,200.96666666666667,0,0
2022-03-13,221,16940.62,2022,3,1,6,1,239.0,247.0,226.0,188.0,221.57142857142858,202.33333333333334,0,0
2022-03-14,229,17464.97,2022,3,1,0,0,221.0,198.0,227.0,224.0,217.85714285714286,203.43333333333334,0,0
2022-03-15,194,13924.83,2022,3,1,1,0,229.0,209.0,192.0,188.0,222.28571428571428,203.6,0,0
2022-03-16,233,18668.32,2022,3,1,2,0,194.0,233.0,175.0,201.0,220.14285714285714,203.8,0,0
2022-03-17,219,17078.49,2022,3,1,3,0,233.0,238.0,175.0,168.0,220.14285714285714,204.86666666666667,0,0
2022-03-18,198,14563.7,2022,3,1,4,0,219.0,187.0,213.0,212.0,217.42857142857142,206.56666666666666,0,0
2022-03-19,221,12869.43,2022,3,1,5,1,198.0,239.0,213.0,176.0,219.0,206.1,0,0
2022-03-20,216,16577.44,2022,3,1,6,1,221.0,221.0,247.0,210.0,216.42857142857142,207.6,0,0
2022-03-21,196,15703.98,2022,3,1,0,0,216.0,229.0,198.0,176.0,215.71428571428572,207.8,0,0
2022-03-22,201,14284.8,2022,3,1,1,0,196.0,194.0,209.0,203.0,211.0,208.46666666666667,0,0
2022-03-23,206,13413.74,2022,3,1,2,0,201.0,233.0,233.0,216.0,212.0,208.4,0,0
2022-03-24,182,12876.67,2022,3,1,3,0,206.0,219.0,238.0,234.0,208.14285714285714,208.06666666666666,0,0
2022-03-25,203,17269.77,2022,3,1,4,0,182.0,198.0,187.0,181.0,202.85714285714286,206.33333333333334,0,0
2022-03-26,216,14967.39,2022,3,1,5,1,203.0,221.0,239.0,186.0,203.57142857142858,207.06666666666666,0,0
2022-03-27,235,17868.6,2022,3,1,6,1,216.0,216.0,221.0,178.0,202.85714285714286,208.06666666666666,0,0
2022-03-28,236,18205.54,2022,3,1,0,0,235.0,196.0,229.0,157.0,205.57142857142858,209.96666666666667,0,0
2022-03-29,232,18515.61,2022,3,1,1,0,236.0,201.0,194.0,226.0,211.28571428571428,212.6,0,0
2022-03-30,222,18895.79,2022,3,1,2,0,232.0,206.0,233.0,227.0,215.71428571428572,212.8,0,0
2022-03-31,222,15203.880000000001,2022,3,1,3,0,222.0,182.0,219.0,192.0,218.0,212.63333333333333,0,0
2022-04-01,236,17807.68,2022,4,2,4,0,222.0,203.0,198.0,175.0,223.71428571428572,213.63333333333333,0,0
2022-04-02,202,15197.119999999999,2022,4,2,5,1,236.0,216.0,221.0,175.0,228.42857142857142,215.66666666666666,0,0
2022-04-03,228,18767.09,2022,4,2,6,1,202.0,235.0,216.0,213.0,226.42857142857142,216.56666666666666,0,0
2022-04-04,213,19164.940000000002,2022,4,2,0,0,228.0,236.0,196.0,213.0,225.42857142857142,217.06666666666666,0,0
2022-04-05,255,16449.99,2022,4,2,1,0,213.0,232.0,201.0,247.0,222.14285714285714,217.06666666666666,0,0
2022-04-06,243,18856.079999999998,2022,4,2,2,0,255.0,222.0,206.0,198.0,225.42857142857142,217.33333333333334,0,0
2022-04-07,277,20716.65,2022,4,2,3,0,243.0,222.0,182.0,209.0,228.42857142857142,218.83333333333334,0,0
2022-04-08,199,14615.49,2022,4,2,4,0,277.0,236.0,203.0,233.0,236.28571428571428,221.1,0,0
2022-04-09,272,20781.32,2022,4,2,5,1,199.0,202.0,216.0,238.0,231.0,219.96666666666667,0,0
2022-04-10,225,20216.26,2022,4,2,6,1,272.0,228.0,235.0,187.0,241.0,221.1,0,0
2022-04-11,234,15365.42,2022,4,2,0,0,225.0,213.0,236.0,239.0,240.57142857142858,222.36666666666667,0,0
2022-04-12,222,15925.810000000001,2022,4,2,1,0,234.0,255.0,232.0,221.0,243.57142857142858,222.2,0,0
2022-04-13,210,15779.28,2022,4,2,2,0,222.0,243.0,222.0,229.0,238.85714285714286,222.23333333333332,0,0
2022-04-14,194,15357.22,2022,4,2,3,0,210.0,277.0,222.0,194.0,234.14285714285714,221.6,0,0
2022-04-15,205,14183.78,2022,4,2,4,0,194.0,199.0,236.0,233.0,222.28571428571428,221.6,0,0
2022-04-16,224,17013.09,2022,4,2,5,1,205.0,272.0,202.0,219.0,223.14285714285714,220.66666666666666,0,0
2022-04-17,210,14540.84,2022,4,2,6,1,224.0,225.0,228.0,198.0,216.28571428571428,220.83333333333334,0,0
2022-04-18,163,10972.050000000001,2022,4,2,0,0,210.0,234.0,213.0,221.0,214.14285714285714,221.23333333333332,0,0
2022-04-19,237,17993.13,2022,4,2,1,0,163.0,222.0,255.0,216.0,204.0,219.3,0,0
2022-04-20,248,17921.350000000002,2022,4,2,2,0,237.0,210.0,243.0,196.0,206.14285714285714,220.0,0,0
2022-04-21,198,19822.26,2022,4,2,3,0,248.0,194.0,277.0,201.0,211.57142857142858,221.73333333333332,0,0
2022-04-22,232,17216.44,2022,4,2,4,0,198.0,205.0,199.0,206.0,212.14285714285714,221.63333333333333,0,0
2022-04-23,216,16933.72,2022,4,2,5,1,232.0,224.0,272.0,182.0,216.0,222.5,0,0
2022-04-24,204,16667.62,2022,4,2,6,1,216.0,210.0,225.0,203.0,214.85714285714286,223.63333333333333,0,0
2022-04-25,223,16739.85,2022,4,2,0,0,204.0,163.0,234.0,216.0,214.0,223.66666666666666,0,0
2022-04-26,211,18402.940000000002,2022,4,2,1,0,223.0,237.0,222.0,235.0,222.57142857142858,223.9,0,0
2022-04-27,250,16818.55,2022,4,2,2,0,211.0,248.0,210.0,236.0,218.85714285714286,223.1,0,0
2022-04-28,215,18298.86,2022,4,2,3,0,250.0,198.0,194.0,232.0,219.14285714285714,223.56666666666666,0,0
2022-04-29,190,13738.26,2022,4,2,4,0,215.0,232.0,205.0,222.0,221.57142857142858,223.0,0,0
2022-04-30,195,16321.01,2022,4,2,5,1,190.0,216.0,224.0,222.0,215.57142857142858,221.93333333333334,0,0
2022-05-01,240,19035.82,2022,5,2,6,1,195.0,204.0,210.0,236.0,212.57142857142858,221.03333333333333,0,0
2022-05-02,226,19594.85,2022,5,2,0,0,240.0,223.0,163.0,202.0,217.71428571428572,221.16666666666666,0,0
2022-05-03,202,14787.75,2022,5,2,1,0,226.0,211.0,237.0,228.0,218.14285714285714,221.96666666666667,0,0
2022-05-04,224,18308.579999999998,2022,5,2,2,0,202.0,250.0,248.0,213.0,216.85714285714286,221.1,0,0
2022-05-05,242,17453.84,2022,5,2,3,0,224.0,215.0,198.0,255.0,213.14285714285714,221.46666666666667,0,0
2022-05-06,215,13553.94,2022,5,2,4,0,242.0,190.0,232.0,243.0,217.0,221.03333333333333,0,0
2022-05-07,247,19707.41,2022,5,2,5,1,215.0,195.0,216.0,277.0,220.57142857142858,220.1,0,0
2022-05-08,230,15017.58,2022,5,2,6,1,247.0,240.0,204.0,199.0,228.0,219.1,0,0
2022-05-09,214,17389.85,2022,5,2,0,0,230.0,226.0,223.0,272.0,226.57142857142858,220.13333333333333,0,0
2022-05-10,167,12073.640000000001,2022,5,2,1,0,214.0,202.0,211.0,225.0,224.85714285714286,218.2,0,0
2022-05-11,232,15881.380000000001,2022,5,2,2,0,167.0,224.0,250.0,234.0,219.85714285714286,216.26666666666668,0,0
2022-05-12,195,17041.71,2022,5,2,3,0,232.0,242.0,215.0,222.0,221.0,216.2,0,0
2022-05-13,221,16262.55,2022,5,2,4,0,195.0,215.0,190.0,210.0,214.28571428571428,215.3,0,0
2022-05-14,268,17595.010000000002,2022,5,2,5,1,221.0,247.0,195.0,194.0,215.14285714285714,215.66666666666666,0,0
2022-05-15,238,19952.129999999997,2022,5,2,6,1,268.0,230.0,240.0,205.0,218.14285714285714,218.13333333333333,0,0
2022-05-16,253,19368.71,2022,5,2,0,0,238.0,214.0,226.0,224.0,219.28571428571428,219.23333333333332,0,0
2022-05-17,232,18201.18,2022,5,2,1,0,253.0,167.0,202.0,210.0,224.85714285714286,220.2,0,0
2022-05-18,232,15705.51,2022,5,2,2,0,232.0,232.0,224.0,163.0,234.14285714285714,220.93333333333334,0,0
2022-05-19,260,19138.2,2022,5,2,3,0,232.0,195.0,242.0,237.0,234.14285714285714,223.23333333333332,0,0
2022-05-20,214,17704.47,2022,5,2,4,0,260.0,221.0,215.0,248.0,243.42857142857142,224.0,0,0
2022-05-21,204,13616.64,2022,5,2,5,1,214.0,268.0,247.0,198.0,242.42857142857142,222.86666666666667,0,0
2022-05-22,241,21498.6,2022,5,2,6,1,204.0,238.0,230.0,232.0,233.28571428571428,223.06666666666666,0,0
2022-05-23,242,20849.100000000002,2022,5,2,0,0,241.0,253.0,214.0,216.0,233.71428571428572,223.36666666666667,0,0
2022-05-24,236,18015.37,2022,5,2,1,0,242.0,232.0,167.0,204.0,232.14285714285714,224.23333333333332,0,0
2022-05-25,274,19199.43,2022,5,2,2,0,236.0,232.0,232.0,223.0,232.71428571428572,225.3,0,0
2022-05-26,229,14847.62,2022,5,2,3,0,274.0,260.0,195.0,211.0,238.71428571428572,227.0,0,0
2022-05-27,226,15173.210000000001,2022,5,2,4,0,229.0,214.0,221.0,250.0,234.28571428571428,227.6,0,0
2022-05-28,210,15820.19,2022,5,2,5,1,226.0,204.0,268.0,215.0,236.0,226.8,0,0
2022-05-29,230,16721.03,2022,5,2,6,1,210.0,241.0,238.0,190.0,236.85714285714286,226.63333333333333,0,0
2022-05-30,249,18517.16,2022,5,2,0,0,230.0,242.0,253.0,195.0,235.28571428571428,227.96666666666667,0,0
2022-05-31,214,15005.74,2022,5,2,1,0,249.0,236.0,232.0,240.0,236.28571428571428,229.76666666666668,0,0
2022-06-01,225,15194.26,2022,6,2,2,0,214.0,274.0,232.0,226.0,233.14285714285714,228.9,0,1
2022-06-02,280,24059.57,2022,6,2,3,0,225.0,229.0,260.0,202.0,226.14285714285714,228.86666666666667,0,1
2022-06-03,270,19004.809999999998,2022,6,2,4,0,280.0,226.0,214.0,224.0,233.42857142857142,231.46666666666667,0,1
2022-06-04,261,15476.099999999999,2022,6,2,5,1,270.0,210.0,204.0,242.0,239.71428571428572,233.0,0,1
2022-06-05,230,18032.309999999998,2022,6,2,6,1,261.0,230.0,241.0,215.0,247.0,233.63333333333333,0,1
2022-06-06,276,21680.72,2022,6,2,0,0,230.0,249.0,242.0,247.0,247.0,234.13333333333333,0,1
2022-06-07,254,15704.170000000002,2022,6,2,1,0,276.0,214.0,236.0,230.0,250.85714285714286,235.1,0,1
2022-06-08,245,21053.76,2022,6,2,2,0,254.0,225.0,274.0,214.0,256.57142857142856,235.9,0,1
2022-06-09,269,17865.22,2022,6,2,3,0,245.0,280.0,229.0,167.0,259.42857142857144,236.93333333333334,0,1
2022-06-10,234,18151.42,2022,6,2,4,0,269.0,270.0,226.0,232.0,257.85714285714283,240.33333333333334,0,1
2022-06-11,237,21560.81,2022,6,2,5,1,234.0,261.0,210.0,195.0,252.71428571428572,240.4,0,1
2022-06-12,229,18506.71,2022,6,2,6,1,237.0,230.0,230.0,221.0,249.28571428571428,241.8,0,1
2022-06-13,242,18738.56,2022,6,2,0,0,229.0,276.0,249.0,268.0,249.14285714285714,242.06666666666666,0,1
2022-06-14,243,19026.13,2022,6,2,1,0,242.0,254.0,214.0,238.0,244.28571428571428,241.2,0,1
2022-06-15,259,17921.98,2022,6,2,2,0,243.0,245.0,225.0,253.0,242.71428571428572,241.36666666666667,0,1
2022-06-16,233,16079.99,2022,6,2,3,0,259.0,269.0,280.0,232.0,244.71428571428572,241.56666666666666,0,1
2022-06-17,269,21261.39,2022,6,2,4,0,233.0,234.0,270.0,232.0,239.57142857142858,241.6,0,1
2022-06-18,270,20877.66,2022,6,2,5,1,269.0,237.0,261.0,260.0,244.57142857142858,242.83333333333334,0,1
2022-06-19,274,19071.030000000002,2022,6,2,6,1,270.0,229.0,230.0,214.0,249.28571428571428,243.16666666666666,0,1
2022-06-20,237,17540.88,2022,6,2,0,0,274.0,242.0,276.0,204.0,255.71428571428572,245.16666666666666,0,1
2022-06-21,248,18779.27,2022,6,2,1,0,237.0,243.0,254.0,241.0,255.0,246.26666666666668,0,1
2022-06-22,239,17832.899999999998,2022,6,2,2,0,248.0,259.0,245.0,242.0,255.71428571428572,246.5,0,1
2022-06-23,283,22360.78,2022,6,2,3,0,239.0,233.0,269.0,236.0,252.85714285714286,246.4,0,1
2022-06-24,256,22310.25,2022,6,2,4,0,283.0,269.0,234.0,274.0,260.0,247.96666666666667,0,1
2022-06-25,249,23248.59,2022,6,2,5,1,256.0,270.0,237.0,229.0,258.14285714285717,247.36666666666667,0,1
2022-06-26,216,16604.61,2022,6,2,6,1,249.0,274.0,229.0,226.0,255.14285714285714,248.03333333333333,0,1
2022-06-27,274,23224.83,2022,6,2,0,0,216.0,237.0,242.0,210.0,246.85714285714286,247.7,0,1
2022-06-28,252,19627.620000000003,2022,6,2,1,0,274.0,248.0,243.0,230.0,252.14285714285714,249.83333333333334,0,1
2022-06-29,243,18604.76,2022,6,2,2,0,252.0,239.0,259.0,249.0,252.71428571428572,250.56666666666666,0,1
2022-06-30,241,16785.510000000002,2022,6,2,3,0,243.0,283.0,233.0,214.0,253.28571428571428,250.36666666666667,0,1
2022-07-01,234,19815.75,2022,7,3,4,0,241.0,256.0,269.0,225.0,247.28571428571428,251.26666666666668,0,1
2022-07-02,254,18830.45,2022,7,3,5,1,234.0,249.0,270.0,280.0,244.14285714285714,251.56666666666666,0,1
2022-07-03,260,22525.42,2022,7,3,6,1,254.0,216.0,274.0,270.0,244.85714285714286,250.7,0,1
2022-07-04,238,18895.210000000003,2022,7,3,0,0,260.0,274.0,237.0,261.0,251.14285714285714,250.36666666666667,0,1
2022-07-05,293,19016.66,2022,7,3,1,0,238.0,252.0,248.0,230.0,246.0,249.6,0,1
2022-07-06,261,19002.75,2022,7,3,2,0,293.0,243.0,239.0,276.0,251.85714285714286,251.7,0,1
2022-07-07,250,17580.68,2022,7,3,3,0,261.0,241.0,283.0,254.0,254.42857142857142,251.2,0,1
2022-07-08,264,19927.28,2022,7,3,4,0,250.0,234.0,256.0,245.0,255.71428571428572,251.06666666666666,0,1
2022-07-09,254,17731.27,2022,7,3,5,1,264.0,254.0,249.0,269.0,260.0,251.7,0,1
2022-07-10,272,17286.5,2022,7,3,6,1,254.0,260.0,216.0,234.0,260.0,251.2,0,1
2022-07-11,309,20589.59,2022,7,3,0,0,272.0,238.0,274.0,237.0,261.7142857142857,252.46666666666667,0,1
2022-07-12,274,20673.28,2022,7,3,1,0,309.0,293.0,252.0,229.0,271.85714285714283,254.86666666666667,0,1
2022-07-13,246,19448.8,2022,7,3,2,0,274.0,261.0,243.0,242.0,269.14285714285717,256.3666666666667,0,1
2022-07-14,263,20923.82,2022,7,3,3,0,246.0,250.0,241.0,243.0,267.0,256.5,0,1
2022-07-15,244,17943.5,2022,7,3,4,0,263.0,264.0,234.0,259.0,268.85714285714283,257.1666666666667,0,1
2022-07-16,263,20857.52,2022,7,3,5,1,244.0,254.0,254.0,233.0,266.0,256.6666666666667,0,1
2022-07-17,282,20966.260000000002,2022,7,3,6,1,263.0,272.0,260.0,269.0,267.2857142857143,257.6666666666667,0,1
2022-07-18,271,22530.25,2022,7,3,0,0,282.0,309.0,238.0,270.0,268.7142857142857,258.1,0,1
2022-07-19,246,19363.149999999998,2022,7,3,1,0,271.0,274.0,293.0,274.0,263.2857142857143,258.1333333333333,0,1
2022-07-20,244,17780.89,2022,7,3,2,0,246.0,246.0,261.0,237.0,259.2857142857143,257.2,0,1
2022-07-21,250,19881.1,2022,7,3,3,0,244.0,263.0,250.0,248.0,259.0,257.43333333333334,0,1
2022-07-22,284,17240.75,2022,7,3,4,0,250.0,244.0,264.0,239.0,257.14285714285717,257.5,0,1
2022-07-23,271,23920.25,2022,7,3,5,1,284.0,263.0,254.0,283.0,262.85714285714283,259.0,0,1
2022-07-24,257,18592.67,2022,7,3,6,1,271.0,282.0,272.0,256.0,264.0,258.6,0,1
2022-07-25,254,18898.98,2022,7,3,0,0,257.0,271.0,309.0,249.0,260.42857142857144,258.6333333333333,0,1
2022-07-26,246,16942.84,2022,7,3,1,0,254.0,246.0,274.0,216.0,258.0,258.8,0,1
2022-07-27,297,20226.03,2022,7,3,2,0,246.0,244.0,246.0,274.0,258.0,259.8,0,1
2022-07-28,232,15599.69,2022,7,3,3,0,297.0,250.0,263.0,252.0,265.57142857142856,260.56666666666666,0,1
2022-07-29,247,17133.55,2022,7,3,4,0,232.0,284.0,244.0,243.0,263.0,259.9,0,1
2022-07-30,289,22391.47,2022,7,3,5,1,247.0,271.0,263.0,241.0,257.7142857142857,260.03333333333336,0,1
2022-07-31,281,20457.35,2022,7,3,6,1,289.0,257.0,282.0,234.0,260.2857142857143,261.6333333333333,0,1
2022-08-01,262,18235.57,2022,8,3,0,0,281.0,254.0,271.0,254.0,263.7142857142857,263.2,0,1
2022-08-02,285,23646.27,2022,8,3,1,0,262.0,246.0,246.0,260.0,264.85714285714283,263.46666666666664,0,1
2022-08-03,267,21765.18,2022,8,3,2,0,285.0,297.0,244.0,238.0,270.42857142857144,264.3,0,1
2022-08-04,259,18641.38,2022,8,3,3,0,267.0,232.0,250.0,293.0,266.14285714285717,265.26666666666665,0,1
2022-08-05,265,20795.539999999997,2022,8,3,4,0,259.0,247.0,284.0,261.0,270.0,264.1333333333333,0,1
2022-08-06,278,19925.800000000003,2022,8,3,5,1,265.0,289.0,271.0,250.0,272.57142857142856,264.26666666666665,0,1
2022-08-07,238,18521.68,2022,8,3,6,1,278.0,281.0,257.0,264.0,271.0,265.2,0,1
2022-08-08,261,18950.45,2022,8,3,0,0,238.0,262.0,254.0,254.0,264.85714285714283,264.3333333333333,0,1
2022-08-09,274,21474.7,2022,8,3,1,0,261.0,285.0,246.0,272.0,264.7142857142857,264.56666666666666,0,1
2022-08-10,229,15998.45,2022,8,3,2,0,274.0,267.0,297.0,309.0,263.14285714285717,264.6333333333333,0,1
2022-08-11,256,18685.04,2022,8,3,3,0,229.0,259.0,232.0,274.0,257.7142857142857,261.96666666666664,0,1
2022-08-12,307,24574.26,2022,8,3,4,0,256.0,265.0,247.0,246.0,257.2857142857143,261.3666666666667,0,1
2022-08-13,279,21974.25,2022,8,3,5,1,307.0,278.0,289.0,263.0,263.2857142857143,263.4,0,1
2022-08-14,267,21678.54,2022,8,3,6,1,279.0,238.0,281.0,244.0,263.42857142857144,263.93333333333334,0,1
2022-08-15,262,19034.41,2022,8,3,0,0,267.0,261.0,262.0,263.0,267.57142857142856,264.7,0,1
2022-08-16,247,19851.86,2022,8,3,1,0,262.0,274.0,285.0,282.0,267.7142857142857,264.6666666666667,0,1
2022-08-17,259,20614.84,2022,8,3,2,0,247.0,229.0,267.0,271.0,263.85714285714283,263.5,0,1
2022-08-18,225,15813.109999999999,2022,8,3,3,0,259.0,256.0,259.0,246.0,268.14285714285717,263.1,0,1
2022-08-19,276,20514.59,2022,8,3,4,0,225.0,307.0,265.0,244.0,263.7142857142857,262.4,0,1
2022-08-20,280,17786.9,2022,8,3,5,1,276.0,279.0,278.0,250.0,259.2857142857143,263.46666666666664,0,1
2022-08-21,294,22569.43,2022,8,3,6,1,280.0,267.0,238.0,284.0,259.42857142857144,264.46666666666664,0,1
2022-08-22,295,21533.75,2022,8,3,0,0,294.0,262.0,261.0,271.0,263.2857142857143,264.8,0,1
2022-08-23,291,21522.63,2022,8,3,1,0,295.0,247.0,274.0,257.0,268.0,265.6,0,1
2022-08-24,257,19440.25,2022,8,3,2,0,291.0,259.0,229.0,254.0,274.2857142857143,266.73333333333335,0,1
2022-08-25,294,19885.379999999997,2022,8,3,3,0,257.0,225.0,256.0,246.0,274.0,266.8333333333333,0,1
2022-08-26,266,22672.88,2022,8,3,4,0,294.0,276.0,307.0,297.0,283.85714285714283,268.43333333333334,0,1
2022-08-27,278,19863.78,2022,8,3,5,1,266.0,280.0,279.0,232.0,282.42857142857144,267.4,0,1
2022-08-28,276,21039.530000000002,2022,8,3,6,1,278.0,294.0,267.0,247.0,282.14285714285717,268.93333333333334,0,1
2022-08-29,280,24019.93,2022,8,3,0,0,276.0,295.0,262.0,289.0,279.57142857142856,269.9,0,1
2022-08-30,303,20715.079999999998,2022,8,3,1,0,280.0,291.0,247.0,281.0,277.42857142857144,269.6,0,1
2022-08-31,277,19785.399999999998,2022,8,3,2,0,303.0,257.0,259.0,262.0,279.14285714285717,270.3333333333333,0,1
2022-09-01,312,21440.55,2022,9,3,3,0,277.0,294.0,225.0,285.0,282.0,270.8333333333333,0,0
2022-09-02,311,23431.0,2022,9,3,4,0,312.0,266.0,276.0,267.0,284.57142857142856,271.73333333333335,0,0
2022-09-03,310,23749.829999999998,2022,9,3,5,1,311.0,278.0,280.0,259.0,291.0,273.2,0,0
2022-09-04,302,22597.26,2022,9,3,6,1,310.0,276.0,294.0,265.0,295.57142857142856,274.9,0,0
2022-09-05,298,21188.350000000002,2022,9,3,0,0,302.0,280.0,295.0,278.0,299.2857142857143,276.1333333333333,0,0
2022-09-06,255,18740.32,2022,9,3,1,0,298.0,303.0,291.0,238.0,301.85714285714283,276.8,0,0
2022-09-07,292,23364.82,2022,9,3,2,0,255.0,277.0,257.0,261.0,295.0,277.3666666666667,0,0
2022-09-08,245,19091.61,2022,9,3,3,0,292.0,312.0,294.0,274.0,297.14285714285717,278.4,0,0
2022-09-09,305,22120.91,2022,9,3,4,0,245.0,311.0,266.0,229.0,287.57142857142856,277.43333333333334,0,0
2022-09-10,296,21554.5,2022,9,3,5,1,305.0,310.0,278.0,256.0,286.7142857142857,279.96666666666664,0,0
2022-09-11,254,19176.64,2022,9,3,6,1,296.0,302.0,276.0,307.0,284.7142857142857,281.3,0,0
2022-09-12,312,23919.62,2022,9,3,0,0,254.0,298.0,280.0,279.0,277.85714285714283,279.53333333333336,0,0
2022-09-13,264,22492.54,2022,9,3,1,0,312.0,255.0,303.0,267.0,279.85714285714283,280.6333333333333,0,0
2022-09-14,330,22486.82,2022,9,3,2,0,264.0,292.0,277.0,262.0,281.14285714285717,280.53333333333336,0,0
2022-09-15,255,20409.29,2022,9,3,3,0,330.0,245.0,312.0,247.0,286.57142857142856,282.8,0,0
2022-09-16,281,21151.87,2022,9,3,4,0,255.0,305.0,311.0,259.0,288.0,283.06666666666666,0,0
2022-09-17,314,25256.37,2022,9,3,5,1,281.0,296.0,310.0,225.0,284.57142857142856,283.8,0,0
2022-09-18,273,18742.08,2022,9,3,6,1,314.0,254.0,302.0,276.0,287.14285714285717,286.76666666666665,0,0
2022-09-19,279,21452.940000000002,2022,9,3,0,0,273.0,312.0,298.0,280.0,289.85714285714283,286.6666666666667,0,0
2022-09-20,258,17128.26,2022,9,3,1,0,279.0,264.0,255.0,294.0,285.14285714285717,286.6333333333333,0,0
2022-09-21,247,19409.07,2022,9,3,2,0,258.0,330.0,292.0,295.0,284.2857142857143,285.43333333333334,0,0
2022-09-22,300,22300.719999999998,2022,9,3,3,0,247.0,255.0,245.0,291.0,272.42857142857144,283.8333333333333,0,0
2022-09-23,289,18485.9,2022,9,3,4,0,300.0,281.0,305.0,257.0,278.85714285714283,284.1333333333333,0,0
2022-09-24,289,21620.77,2022,9,3,5,1,289.0,314.0,296.0,294.0,280.0,285.2,0,0
2022-09-25,286,23221.27,2022,9,3,6,1,289.0,273.0,254.0,266.0,276.42857142857144,285.03333333333336,0,0
2022-09-26,266,20946.989999999998,2022,9,3,0,0,286.0,279.0,312.0,278.0,278.2857142857143,285.7,0,0
2022-09-27,278,18372.96,2022,9,3,1,0,266.0,258.0,264.0,276.0,276.42857142857144,285.3,0,0
2022-09-28,270,18865.04,2022,9,3,2,0,278.0,247.0,330.0,280.0,279.2857142857143,285.3666666666667,0,0
2022-09-29,324,27940.28,2022,9,3,3,0,270.0,300.0,255.0,303.0,282.57142857142856,285.03333333333336,0,0
2022-09-30,279,22892.71,2022,9,3,4,0,324.0,289.0,281.0,277.0,286.0,285.73333333333335,0,0
2022-10-01,277,21925.93,2022,10,4,5,1,279.0,289.0,314.0,312.0,284.57142857142856,285.8,0,0
2022-10-02,309,23145.59,2022,10,4,6,1,277.0,286.0,273.0,311.0,282.85714285714283,284.6333333333333,0,0
2022-10-03,285,20696.49,2022,10,4,0,0,309.0,266.0,279.0,310.0,286.14285714285717,284.56666666666666,0,0
2022-10-04,307,23972.96,2022,10,4,1,0,285.0,278.0,258.0,302.0,288.85714285714283,283.73333333333335,0,0
2022-10-05,287,19436.27,2022,10,4,2,0,307.0,270.0,247.0,298.0,293.0,283.9,0,0
2022-10-06,304,24752.92,2022,10,4,3,0,287.0,324.0,300.0,255.0,295.42857142857144,283.53333333333336,0,0
2022-10-07,293,20421.97,2022,10,4,4,0,304.0,279.0,289.0,292.0,292.57142857142856,285.1666666666667,0,0
2022-10-08,294,21139.29,2022,10,4,5,1,293.0,277.0,289.0,245.0,294.57142857142856,285.2,0,0
2022-10-09,297,24973.4,2022,10,4,6,1,294.0,309.0,286.0,305.0,297.0,286.8333333333333,0,0
2022-10-10,283,21493.289999999997,2022,10,4,0,0,297.0,285.0,266.0,296.0,295.2857142857143,286.56666666666666,0,0
2022-10-11,297,23004.68,2022,10,4,1,0,283.0,307.0,278.0,254.0,295.0,286.1333333333333,0,0
2022-10-12,320,26046.04,2022,10,4,2,0,297.0,287.0,270.0,312.0,293.57142857142856,287.56666666666666,0,0
2022-10-13,325,23112.29,2022,10,4,3,0,320.0,304.0,324.0,264.0,298.2857142857143,287.8333333333333,0,0
2022-10-14,318,22334.54,2022,10,4,4,0,325.0,293.0,279.0,330.0,301.2857142857143,289.8666666666667,0,0
2022-10-15,287,20490.75,2022,10,4,5,1,318.0,294.0,277.0,255.0,304.85714285714283,289.46666666666664,0,0
2022-10-16,312,24063.42,2022,10,4,6,1,287.0,297.0,309.0,281.0,303.85714285714283,290.53333333333336,0,0
2022-10-17,299,21368.72,2022,10,4,0,0,312.0,283.0,285.0,314.0,306.0,291.56666666666666,0,0
2022-10-18,305,22634.01,2022,10,4,1,0,299.0,297.0,307.0,273.0,308.2857142857143,291.06666666666666,0,0
2022-10-19,302,22184.04,2022,10,4,2,0,305.0,320.0,287.0,279.0,309.42857142857144,292.1333333333333,0,0
2022-10-20,272,18345.83,2022,10,4,3,0,302.0,325.0,304.0,258.0,306.85714285714283,292.9,0,0
2022-10-21,301,25187.399999999998,2022,10,4,4,0,272.0,318.0,293.0,247.0,299.2857142857143,293.3666666666667,0,0
2022-10-22,273,21237.760000000002,2022,10,4,5,1,301.0,287.0,294.0,300.0,296.85714285714283,295.1666666666667,0,0
2022-10-23,288,20975.27,2022,10,4,6,1,273.0,312.0,297.0,289.0,294.85714285714283,294.26666666666665,0,0
2022-10-24,284,18618.31,2022,10,4,0,0,288.0,299.0,283.0,289.0,291.42857142857144,294.23333333333335,0,0
2022-10-25,293,24308.86,2022,10,4,1,0,284.0,305.0,297.0,286.0,289.2857142857143,294.06666666666666,0,0
2022-10-26,314,21172.91,2022,10,4,2,0,293.0,302.0,320.0,266.0,287.57142857142856,294.3,0,0
2022-10-27,291,22982.76,2022,10,4,3,0,314.0,272.0,325.0,278.0,289.2857142857143,295.9,0,0
2022-10-28,289,23290.329999999998,2022,10,4,4,0,291.0,301.0,318.0,270.0,292.0,296.3333333333333,0,0
2022-10-29,301,21027.739999999998,2022,10,4,5,1,289.0,273.0,287.0,324.0,290.2857142857143,296.96666666666664,0,0
2022-10-30,285,18630.17,2022,10,4,6,1,301.0,288.0,312.0,279.0,294.2857142857143,296.2,0,0
2022-10-31,314,26925.57,2022,10,4,0,0,285.0,284.0,299.0,277.0,293.85714285714283,296.4,0,0
2022-11-01,299,21307.77,2022,11,4,1,0,314.0,293.0,305.0,309.0,298.14285714285717,297.6333333333333,1,0
2022-11-02,311,25367.89,2022,11,4,2,0,299.0,314.0,302.0,285.0,299.0,297.3,1,0
2022-11-03,350,25093.49,2022,11,4,3,0,311.0,291.0,272.0,307.0,298.57142857142856,298.1666666666667,1,0
2022-11-04,304,23244.54,2022,11,4,4,0,350.0,289.0,301.0,287.0,307.0,299.6,1,0
2022-11-05,314,21775.48,2022,11,4,5,1,304.0,301.0,273.0,304.0,309.14285714285717,300.1666666666667,1,0
2022-11-06,303,20349.19,2022,11,4,6,1,314.0,285.0,288.0,293.0,311.0,300.5,1,0
2022-11-07,316,25958.01,2022,11,4,0,0,303.0,314.0,284.0,294.0,313.57142857142856,300.8333333333333,1,0
2022-11-08,331,23424.54,2022,11,4,1,0,316.0,299.0,293.0,297.0,313.85714285714283,301.56666666666666,1,0
2022-11-09,299,21009.7,2022,11,4,2,0,331.0,311.0,314.0,283.0,318.42857142857144,302.7,1,0
2022-11-10,319,22451.91,2022,11,4,3,0,299.0,350.0,291.0,297.0,316.7142857142857,303.23333333333335,1,0
2022-11-11,299,23497.920000000002,2022,11,4,4,0,319.0,304.0,289.0,320.0,312.2857142857143,303.96666666666664,1,0
2022-11-12,310,21503.670000000002,2022,11,4,5,1,299.0,314.0,301.0,325.0,311.57142857142856,303.26666666666665,1,0
2022-11-13,331,29851.370000000003,2022,11,4,6,1,310.0,303.0,285.0,318.0,311.0,302.76666666666665,1,0
2022-11-14,288,20600.72,2022,11,4,0,0,331.0,316.0,314.0,287.0,315.0,303.2,1,0
2022-11-15,320,23000.65,2022,11,4,1,0,288.0,331.0,299.0,312.0,311.0,303.23333333333335,1,0
2022-11-16,292,20647.21,2022,11,4,2,0,320.0,299.0,311.0,299.0,309.42857142857144,303.5,1,0
2022-11-17,280,20768.06,2022,11,4,3,0,292.0,319.0,350.0,305.0,308.42857142857144,303.26666666666665,1,0
2022-11-18,315,23627.16,2022,11,4,4,0,280.0,299.0,304.0,302.0,302.85714285714283,302.43333333333334,1,0
2022-11-19,319,22660.37,2022,11,4,5,1,315.0,310.0,314.0,272.0,305.14285714285717,302.8666666666667,1,0
2022-11-20,284,20861.07,2022,11,4,6,1,319.0,331.0,303.0,301.0,306.42857142857144,304.43333333333334,1,0
2022-11-21,294,27168.17,2022,11,4,0,0,284.0,288.0,316.0,273.0,299.7142857142857,303.8666666666667,1,0
2022-11-22,298,24792.12,2022,11,4,1,0,294.0,320.0,331.0,288.0,300.57142857142856,304.56666666666666,1,0
2022-11-23,291,23202.04,2022,11,4,2,0,298.0,292.0,299.0,284.0,297.42857142857144,304.9,1,0
2022-11-24,276,21409.44,2022,11,4,3,0,291.0,280.0,319.0,293.0,297.2857142857143,305.1333333333333,1,0
2022-11-25,332,22063.53,2022,11,4,4,0,276.0,315.0,299.0,314.0,296.7142857142857,304.56666666666666,1,0
2022-11-26,285,21815.13,2022,11,4,5,1,332.0,319.0,310.0,291.0,299.14285714285717,305.1666666666667,1,0
2022-11-27,287,20626.45,2022,11,4,6,1,285.0,284.0,331.0,289.0,294.2857142857143,304.96666666666664,1,0
2022-11-28,311,24412.059999999998,2022,11,4,0,0,287.0,294.0,288.0,301.0,294.7142857142857,304.9,1,0
2022-11-29,308,22906.2,2022,11,4,1,0,311.0,298.0,320.0,285.0,297.14285714285717,305.23333333333335,1,0
2022-11-30,324,25032.01,2022,11,4,2,0,308.0,291.0,292.0,314.0,298.57142857142856,306.0,1,0
2022-12-01,187,16139.839999999998,2022,12,4,3,0,324.0,276.0,280.0,299.0,303.2857142857143,306.3333333333333,1,0
2022-12-02,182,13250.51,2022,12,4,4,0,187.0,332.0,315.0,311.0,290.57142857142856,302.6,1,0
2022-12-03,174,15182.33,2022,12,4,5,1,182.0,285.0,319.0,350.0,269.14285714285717,298.3,1,0
2022-12-04,166,14435.51,2022,12,4,6,1,174.0,287.0,284.0,304.0,253.28571428571428,292.43333333333334,1,0
2022-12-05,167,11848.460000000001,2022,12,4,0,0,166.0,311.0,294.0,314.0,236.0,287.8333333333333,1,0
2022-12-06,178,14431.38,2022,12,4,1,0,167.0,308.0,298.0,303.0,215.42857142857142,282.93333333333334,1,0
2022-12-07,181,14123.52,2022,12,4,2,0,178.0,324.0,291.0,316.0,196.85714285714286,278.76666666666665,1,0
2022-12-08,166,13512.87,2022,12,4,3,0,181.0,187.0,276.0,331.0,176.42857142857142,274.26666666666665,1,0
2022-12-09,181,13456.76,2022,12,4,4,0,166.0,182.0,332.0,299.0,173.42857142857142,268.76666666666665,1,0
2022-12-10,177,11122.99,2022,12,4,5,1,181.0,174.0,285.0,319.0,173.28571428571428,264.8333333333333,1,0
2022-12-11,194,11271.74,2022,12,4,6,1,177.0,166.0,287.0,299.0,173.71428571428572,260.1,1,0
2022-12-12,202,15043.43,2022,12,4,0,0,194.0,167.0,311.0,310.0,177.71428571428572,256.6,1,0
2022-12-13,185,12924.36,2022,12,4,1,0,202.0,178.0,308.0,331.0,182.71428571428572,253.0,1,0
2022-12-14,184,15121.9,2022,12,4,2,0,185.0,181.0,324.0,288.0,183.71428571428572,248.13333333333333,1,0
2022-12-15,148,9604.96,2022,12,4,3,0,184.0,166.0,187.0,320.0,184.14285714285714,244.66666666666666,1,0
2022-12-16,138,10291.95,2022,12,4,4,0,148.0,181.0,182.0,292.0,181.57142857142858,238.93333333333334,1,0
2022-12-17,207,15243.58,2022,12,4,5,1,138.0,177.0,174.0,280.0,175.42857142857142,233.8,1,0
2022-12-18,181,13113.22,2022,12,4,6,1,207.0,194.0,166.0,315.0,179.71428571428572,231.36666666666667,1,0
2022-12-19,131,10016.77,2022,12,4,0,0,181.0,202.0,167.0,319.0,177.85714285714286,226.9,1,0
2022-12-20,212,15530.08,2022,12,4,1,0,131.0,185.0,178.0,284.0,167.71428571428572,220.63333333333333,1,0
2022-12-21,172,13834.449999999999,2022,12,4,2,0,212.0,184.0,181.0,294.0,171.57142857142858,218.23333333333332,1,0
2022-12-22,213,14874.56,2022,12,4,3,0,172.0,148.0,166.0,298.0,169.85714285714286,214.16666666666666,1,0
2022-12-23,179,12609.96,2022,12,4,4,0,213.0,138.0,181.0,291.0,179.14285714285714,211.33333333333334,1,0
2022-12-24,182,14414.800000000001,2022,12,4,5,1,179.0,207.0,177.0,276.0,185.0,207.6,1,0
2022-12-25,189,15733.07,2022,12,4,6,1,182.0,181.0,194.0,332.0,181.42857142857142,204.46666666666667,1,0
2022-12-26,195,14831.580000000002,2022,12,4,0,0,189.0,131.0,202.0,285.0,182.57142857142858,199.7,1,0
2022-12-27,167,9011.03,2022,12,4,1,0,195.0,212.0,185.0,287.0,191.71428571428572,196.7,1,0
2022-12-28,175,16001.1,2022,12,4,2,0,167.0,172.0,184.0,311.0,185.28571428571428,192.7,1,0
2022-12-29,160,12476.12,2022,12,4,3,0,175.0,213.0,148.0,308.0,185.71428571428572,188.16666666666666,1,0
2022-12-30,168,13289.73,2022,12,4,4,0,160.0,179.0,138.0,324.0,178.14285714285714,183.23333333333332,1,0
2022-12-31,190,13544.64,2022,12,4,5,1,168.0,182.0,207.0,187.0,176.57142857142858,178.03333333333333,1,0
2023-01-01,171,10644.52,2023,1,1,6,1,190.0,189.0,181.0,182.0,177.71428571428572,178.13333333333333,0,0
2023-01-02,191,13813.880000000001,2023,1,1,0,0,171.0,195.0,131.0,174.0,175.14285714285714,177.76666666666668,0,0
2023-01-03,182,12659.57,2023,1,1,1,0,191.0,167.0,212.0,166.0,174.57142857142858,178.33333333333334,0,0
2023-01-04,172,16011.96,2023,1,1,2,0,182.0,175.0,172.0,167.0,176.71428571428572,178.86666666666667,0,0
2023-01-05,173,15550.25,2023,1,1,3,0,172.0,160.0,213.0,178.0,176.28571428571428,179.03333333333333,0,0
2023-01-06,182,14038.16,2023,1,1,4,0,173.0,168.0,179.0,181.0,178.14285714285714,178.86666666666667,0,0
2023-01-07,193,15696.89,2023,1,1,5,1,182.0,190.0,182.0,166.0,180.14285714285714,178.9,0,0
2023-01-08,158,12460.82,2023,1,1,6,1,193.0,171.0,189.0,181.0,180.57142857142858,179.8,0,0
2023-01-09,191,15843.22,2023,1,1,0,0,158.0,191.0,195.0,177.0,178.71428571428572,179.03333333333333,0,0
2023-01-10,203,16550.15,2023,1,1,1,0,191.0,182.0,167.0,194.0,178.71428571428572,179.5,0,0
2023-01-11,179,13349.85,2023,1,1,2,0,203.0,172.0,175.0,202.0,181.71428571428572,179.8,0,0
2023-01-12,170,12030.05,2023,1,1,3,0,179.0,173.0,160.0,185.0,182.71428571428572,179.03333333333333,0,0
2023-01-13,197,14649.94,2023,1,1,4,0,170.0,182.0,168.0,184.0,182.28571428571428,178.53333333333333,0,0
2023-01-14,188,15106.96,2023,1,1,5,1,197.0,193.0,190.0,148.0,184.42857142857142,178.96666666666667,0,0
2023-01-15,202,16179.49,2023,1,1,6,1,188.0,158.0,171.0,138.0,183.71428571428572,180.3,0,0
2023-01-16,212,15774.36,2023,1,1,0,0,202.0,191.0,191.0,207.0,190.0,182.43333333333334,0,0
2023-01-17,235,19340.11,2023,1,1,1,0,212.0,203.0,182.0,181.0,193.0,182.6,0,0
2023-01-18,154,14715.12,2023,1,1,2,0,235.0,179.0,172.0,131.0,197.57142857142858,184.4,0,0
2023-01-19,185,15387.82,2023,1,1,3,0,154.0,170.0,173.0,212.0,194.0,185.16666666666666,0,0
2023-01-20,188,13421.27,2023,1,1,4,0,185.0,197.0,182.0,172.0,196.14285714285714,184.26666666666668,0,0
2023-01-21,209,15104.91,2023,1,1,5,1,188.0,188.0,193.0,213.0,194.85714285714286,184.8,0,0
2023-01-22,179,14147.25,2023,1,1,6,1,209.0,202.0,158.0,179.0,197.85714285714286,184.66666666666666,0,0
2023-01-23,236,21071.93,2023,1,1,0,0,179.0,212.0,191.0,182.0,194.57142857142858,184.66666666666666,0,0
2023-01-24,198,15867.960000000001,2023,1,1,1,0,236.0,235.0,203.0,189.0,198.0,186.46666666666667,0,0
2023-01-25,180,13621.949999999999,2023,1,1,2,0,198.0,154.0,179.0,195.0,192.71428571428572,186.76666666666668,0,0
2023-01-26,212,14049.630000000001,2023,1,1,3,0,180.0,185.0,170.0,167.0,196.42857142857142,186.26666666666668,0,0
2023-01-27,196,14813.82,2023,1,1,4,0,212.0,188.0,197.0,175.0,200.28571428571428,187.76666666666668,0,0
2023-01-28,193,13198.14,2023,1,1,5,1,196.0,209.0,188.0,160.0,201.42857142857142,188.46666666666667,0,0
2023-01-29,199,14757.67,2023,1,1,6,1,193.0,179.0,202.0,168.0,199.14285714285714,189.56666666666666,0,0
2023-01-30,186,12422.400000000001,2023,1,1,0,0,199.0,236.0,212.0,190.0,202.0,190.6,0,0
2023-01-31,198,13693.53,2023,1,1,1,0,186.0,198.0,235.0,171.0,194.85714285714286,190.46666666666667,0,0
2023-02-01,228,16667.98,2023,2,1,2,0,198.0,180.0,154.0,191.0,194.85714285714286,191.36666666666667,0,0
2023-02-02,221,14970.619999999999,2023,2,1,3,0,228.0,212.0,185.0,182.0,201.71428571428572,192.6,0,0
2023-02-03,232,19019.53,2023,2,1,4,0,221.0,196.0,188.0,172.0,203.0,193.9,0,0
2023-02-04,208,16286.49,2023,2,1,5,1,232.0,193.0,209.0,173.0,208.14285714285714,195.9,0,0
2023-02-05,214,14006.34,2023,2,1,6,1,208.0,199.0,179.0,182.0,210.28571428571428,197.06666666666666,0,0
2023-02-06,216,18727.09,2023,2,1,0,0,214.0,186.0,236.0,193.0,212.42857142857142,198.13333333333333,0,0
2023-02-07,158,12824.58,2023,2,1,1,0,216.0,198.0,198.0,158.0,216.71428571428572,198.9,0,0
2023-02-08,213,13802.0,2023,2,1,2,0,158.0,228.0,180.0,191.0,211.0,198.9,0,0
2023-02-09,192,13723.87,2023,2,1,3,0,213.0,221.0,212.0,203.0,208.85714285714286,199.63333333333333,0,0
2023-02-10,174,13849.16,2023,2,1,4,0,192.0,232.0,196.0,179.0,204.71428571428572,199.26666666666668,0,0
2023-02-11,201,17975.37,2023,2,1,5,1,174.0,208.0,193.0,170.0,196.42857142857142,199.1,0,0
2023-02-12,189,13705.16,2023,2,1,6,1,201.0,214.0,199.0,197.0,195.42857142857142,200.13333333333333,0,0
2023-02-13,226,14943.31,2023,2,1,0,0,189.0,216.0,186.0,188.0,191.85714285714286,199.86666666666667,0,0
2023-02-14,176,11693.25,2023,2,1,1,0,226.0,158.0,198.0,202.0,193.28571428571428,201.13333333333333,0,0
2023-02-15,186,13449.09,2023,2,1,2,0,176.0,213.0,228.0,212.0,195.85714285714286,200.26666666666668,0,0
2023-02-16,176,10795.11,2023,2,1,3,0,186.0,192.0,221.0,235.0,192.0,199.4,0,0
2023-02-17,218,14698.880000000001,2023,2,1,4,0,176.0,174.0,232.0,154.0,189.71428571428572,197.43333333333334,0,0
2023-02-18,216,14527.41,2023,2,1,5,1,218.0,201.0,208.0,185.0,196.0,199.56666666666666,0,0
2023-02-19,221,15347.94,2023,2,1,6,1,216.0,189.0,214.0,188.0,198.14285714285714,200.6,0,0
2023-02-20,199,16185.46,2023,2,1,0,0,221.0,226.0,216.0,209.0,202.71428571428572,201.7,0,0
2023-02-21,182,15150.45,2023,2,1,1,0,199.0,176.0,158.0,179.0,198.85714285714286,201.36666666666667,0,0
2023-02-22,205,17308.23,2023,2,1,2,0,182.0,186.0,213.0,236.0,199.71428571428572,201.46666666666667,0,0
2023-02-23,180,13101.53,2023,2,1,3,0,205.0,176.0,192.0,198.0,202.42857142857142,200.43333333333334,0,0
2023-02-24,214,17220.16,2023,2,1,4,0,180.0,218.0,174.0,180.0,203.0,199.83333333333334,0,0
2023-02-25,235,16085.279999999999,2023,2,1,5,1,214.0,216.0,201.0,212.0,202.42857142857142,200.96666666666667,0,0
2023-02-26,191,14833.18,2023,2,1,6,1,235.0,221.0,189.0,196.0,205.14285714285714,201.73333333333332,0,0
2023-02-27,212,15754.66,2023,2,1,0,0,191.0,199.0,226.0,193.0,200.85714285714286,201.56666666666666,0,0
2023-02-28,186,14614.14,2023,2,1,1,0,212.0,182.0,176.0,199.0,202.71428571428572,202.2,0,0
2023-03-01,202,16415.18,2023,3,1,2,0,186.0,205.0,186.0,186.0,203.28571428571428,201.76666666666668,0,0
2023-03-02,227,20408.69,2023,3,1,3,0,202.0,180.0,176.0,198.0,202.85714285714286,202.3,0,0
2023-03-03,202,15562.35,2023,3,1,4,0,227.0,214.0,218.0,228.0,209.57142857142858,203.26666666666668,0,0
2023-03-04,197,14352.14,2023,3,1,5,1,202.0,235.0,216.0,221.0,207.85714285714286,202.4,0,0
2023-03-05,220,20481.91,2023,3,1,6,1,197.0,191.0,221.0,232.0,202.42857142857142,201.6,0,0
2023-03-06,186,12731.3,2023,3,1,0,0,220.0,212.0,199.0,208.0,206.57142857142858,201.2,0,0
2023-03-07,244,15866.43,2023,3,1,1,0,186.0,186.0,182.0,214.0,202.85714285714286,200.46666666666667,0,0
2023-03-08,223,15499.34,2023,3,1,2,0,244.0,202.0,205.0,216.0,211.14285714285714,201.46666666666667,0,0
2023-03-09,194,13640.060000000001,2023,3,1,3,0,223.0,227.0,180.0,158.0,214.14285714285714,201.7,0,0
2023-03-10,191,13786.51,2023,3,1,4,0,194.0,202.0,214.0,213.0,209.42857142857142,202.9,0,0
2023-03-11,192,14218.67,2023,3,1,5,1,191.0,197.0,235.0,192.0,207.85714285714286,202.16666666666666,0,0
2023-03-12,208,11509.6,2023,3,1,6,1,192.0,220.0,191.0,174.0,207.14285714285714,202.16666666666666,0,0
2023-03-13,235,18667.84,2023,3,1,0,0,208.0,186.0,212.0,201.0,205.42857142857142,203.3,0,0
2023-03-14,230,16873.14,2023,3,1,1,0,235.0,244.0,186.0,189.0,212.42857142857142,204.43333333333334,0,0
2023-03-15,210,15319.97,2023,3,1,2,0,230.0,223.0,202.0,226.0,210.42857142857142,205.8,0,0
2023-03-16,222,16072.9,2023,3,1,3,0,210.0,194.0,227.0,176.0,208.57142857142858,205.26666666666668,0,0
2023-03-17,220,14831.4,2023,3,1,4,0,222.0,191.0,202.0,186.0,212.57142857142858,206.8,0,0
2023-03-18,211,14811.5,2023,3,1,5,1,220.0,192.0,197.0,176.0,216.71428571428572,207.93333333333334,0,0
2023-03-19,252,18718.91,2023,3,1,6,1,211.0,208.0,220.0,218.0,219.42857142857142,209.1,0,0
2023-03-20,185,12791.57,2023,3,1,0,0,252.0,235.0,186.0,216.0,225.71428571428572,210.23333333333332,0,0
2023-03-21,208,15406.14,2023,3,1,1,0,185.0,230.0,244.0,221.0,218.57142857142858,209.2,0,0
2023-03-22,173,12239.06,2023,3,1,2,0,208.0,210.0,223.0,199.0,215.42857142857142,208.76666666666668,0,0
2023-03-23,205,14679.529999999999,2023,3,1,3,0,173.0,222.0,194.0,182.0,210.14285714285714,207.9,0,0
2023-03-24,197,15075.109999999999,2023,3,1,4,0,205.0,220.0,191.0,205.0,207.71428571428572,208.66666666666666,0,0
2023-03-25,236,18083.41,2023,3,1,5,1,197.0,211.0,192.0,180.0,204.42857142857142,208.4,0,0
2023-03-26,207,15073.6,2023,3,1,6,1,236.0,252.0,208.0,214.0,208.0,210.26666666666668,0,0
2023-03-27,191,14553.98,2023,3,1,0,0,207.0,185.0,235.0,235.0,201.57142857142858,210.03333333333333,0,0
2023-03-28,161,11512.5,2023,3,1,1,0,191.0,208.0,230.0,191.0,202.42857142857142,208.56666666666666,0,0
2023-03-29,243,20554.93,2023,3,1,2,0,161.0,173.0,210.0,212.0,195.71428571428572,207.56666666666666,0,0
2023-03-30,241,17147.65,2023,3,1,3,0,243.0,205.0,222.0,186.0,205.71428571428572,208.6,0,0
2023-03-31,215,16751.75,2023,3,1,4,0,241.0,197.0,220.0,202.0,210.85714285714286,210.43333333333334,0,0
2023-04-01,229,14862.249999999998,2023,4,2,5,1,215.0,236.0,211.0,227.0,213.42857142857142,210.86666666666667,0,0
2023-04-02,252,17051.93,2023,4,2,6,1,229.0,207.0,252.0,202.0,212.42857142857142,210.93333333333334,0,0
2023-04-03,227,16907.02,2023,4,2,0,0,252.0,191.0,185.0,197.0,218.85714285714286,212.6,0,0
2023-04-04,229,17954.83,2023,4,2,1,0,227.0,161.0,208.0,220.0,224.0,213.6,0,0
2023-04-05,209,15999.93,2023,4,2,2,0,229.0,243.0,173.0,186.0,233.71428571428572,213.9,0,0
2023-04-06,246,15894.24,2023,4,2,3,0,209.0,241.0,205.0,244.0,228.85714285714286,214.66666666666666,0,0
2023-04-07,219,19202.0,2023,4,2,4,0,246.0,215.0,197.0,223.0,229.57142857142858,214.73333333333332,0,0
2023-04-08,197,15128.62,2023,4,2,5,1,219.0,229.0,236.0,194.0,230.14285714285714,214.6,0,0
2023-04-09,226,16607.32,2023,4,2,6,1,197.0,252.0,207.0,191.0,225.57142857142858,214.7,0,0
2023-04-10,219,16956.989999999998,2023,4,2,0,0,226.0,227.0,191.0,192.0,221.85714285714286,215.86666666666667,0,0
2023-04-11,214,14692.789999999999,2023,4,2,1,0,219.0,229.0,161.0,208.0,220.71428571428572,216.76666666666668,0,0
2023-04-12,208,13043.46,2023,4,2,2,0,214.0,209.0,243.0,235.0,218.57142857142858,216.96666666666667,0,0
2023-04-13,186,13995.39,2023,4,2,3,0,208.0,246.0,241.0,230.0,218.42857142857142,216.06666666666666,0,0
2023-04-14,220,17842.27,2023,4,2,4,0,186.0,219.0,215.0,210.0,209.85714285714286,214.6,0,0
2023-04-15,232,18112.45,2023,4,2,5,1,220.0,197.0,229.0,222.0,210.0,214.93333333333334,0,0
2023-04-16,242,18580.8,2023,4,2,6,1,232.0,226.0,252.0,220.0,215.0,215.26666666666668,0,0
2023-04-17,227,16570.21,2023,4,2,0,0,242.0,219.0,227.0,211.0,217.28571428571428,216.0,0,0
2023-04-18,224,20122.98,2023,4,2,1,0,227.0,214.0,229.0,252.0,218.42857142857142,216.53333333333333,0,0
2023-04-19,207,14875.91,2023,4,2,2,0,224.0,208.0,209.0,185.0,219.85714285714286,215.6,0,0
2023-04-20,199,17768.68,2023,4,2,3,0,207.0,186.0,246.0,208.0,219.71428571428572,216.33333333333334,0,0
2023-04-21,224,17138.36,2023,4,2,4,0,199.0,220.0,219.0,173.0,221.57142857142858,216.03333333333333,0,0
2023-04-22,255,16757.440000000002,2023,4,2,5,1,224.0,232.0,197.0,205.0,222.14285714285714,217.73333333333332,0,0
2023-04-23,299,21834.579999999998,2023,4,2,6,1,255.0,242.0,226.0,197.0,225.42857142857142,219.4,0,0
2023-04-24,243,19553.33,2023,4,2,0,0,299.0,227.0,219.0,236.0,233.57142857142858,222.8,0,0
2023-04-25,233,18264.59,2023,4,2,1,0,243.0,224.0,214.0,207.0,235.85714285714286,223.03333333333333,0,0
2023-04-26,191,17015.27,2023,4,2,2,0,233.0,207.0,208.0,191.0,237.14285714285714,223.9,0,0
2023-04-27,252,18565.14,2023,4,2,3,0,191.0,199.0,186.0,161.0,234.85714285714286,223.9,0,0
2023-04-28,218,15574.76,2023,4,2,4,0,252.0,224.0,220.0,243.0,242.42857142857142,226.93333333333334,0,0
2023-04-29,268,18980.899999999998,2023,4,2,5,1,218.0,255.0,232.0,241.0,241.57142857142858,226.1,0,0
2023-04-30,243,18339.93,2023,4,2,6,1,268.0,299.0,242.0,215.0,243.42857142857142,227.0,0,0
2023-05-01,234,19216.11,2023,5,2,0,0,243.0,243.0,227.0,229.0,235.42857142857142,227.93333333333334,0,0
2023-05-02,226,17414.25,2023,5,2,1,0,234.0,233.0,224.0,252.0,234.14285714285714,228.1,0,0
2023-05-03,233,16825.22,2023,5,2,2,0,226.0,191.0,207.0,227.0,233.14285714285714,227.23333333333332,0,0
2023-05-04,206,14121.51,2023,5,2,3,0,233.0,252.0,199.0,229.0,239.14285714285714,227.43333333333334,0,0
2023-05-05,239,16273.46,2023,5,2,4,0,206.0,218.0,224.0,209.0,232.57142857142858,226.66666666666666,0,0
2023-05-06,217,19552.86,2023,5,2,5,1,239.0,268.0,255.0,246.0,235.57142857142858,227.66666666666666,0,0
2023-05-07,253,19709.260000000002,2023,5,2,6,1,217.0,243.0,299.0,219.0,228.28571428571428,226.7,0,0
2023-05-08,218,16038.189999999999,2023,5,2,0,0,253.0,234.0,243.0,197.0,229.71428571428572,227.83333333333334,0,0
2023-05-09,263,17163.809999999998,2023,5,2,1,0,218.0,226.0,233.0,226.0,227.42857142857142,228.53333333333333,0,0
2023-05-10,210,15301.800000000001,2023,5,2,2,0,263.0,233.0,191.0,219.0,232.71428571428572,229.76666666666668,0,0
2023-05-11,210,15934.41,2023,5,2,3,0,210.0,206.0,252.0,214.0,229.42857142857142,229.46666666666667,0,0
2023-05-12,265,21103.19,2023,5,2,4,0,210.0,239.0,218.0,208.0,230.0,229.33333333333334,0,0
2023-05-13,211,13998.289999999999,2023,5,2,5,1,265.0,217.0,268.0,186.0,233.71428571428572,231.23333333333332,0,0
2023-05-14,202,12946.6,2023,5,2,6,1,211.0,253.0,243.0,220.0,232.85714285714286,232.06666666666666,0,0
2023-05-15,214,15480.41,2023,5,2,0,0,202.0,218.0,234.0,232.0,225.57142857142858,231.46666666666667,0,0
2023-05-16,223,18199.1,2023,5,2,1,0,214.0,263.0,226.0,242.0,225.0,230.86666666666667,0,0
2023-05-17,234,19160.76,2023,5,2,2,0,223.0,210.0,233.0,227.0,219.28571428571428,230.23333333333332,0,0
2023-05-18,211,17296.52,2023,5,2,3,0,234.0,210.0,206.0,224.0,222.71428571428572,230.46666666666667,0,0
2023-05-19,217,17812.9,2023,5,2,4,0,211.0,265.0,239.0,207.0,222.85714285714286,230.03333333333333,0,0
2023-05-20,250,20910.71,2023,5,2,5,1,217.0,211.0,217.0,199.0,216.0,230.36666666666667,0,0
2023-05-21,234,17929.05,2023,5,2,6,1,250.0,202.0,253.0,224.0,221.57142857142858,232.06666666666666,0,0
2023-05-22,232,18190.850000000002,2023,5,2,0,0,234.0,214.0,218.0,255.0,226.14285714285714,232.4,0,0
2023-05-23,212,17785.53,2023,5,2,1,0,232.0,223.0,263.0,299.0,228.71428571428572,231.63333333333333,0,0
2023-05-24,213,13856.720000000001,2023,5,2,2,0,212.0,234.0,210.0,243.0,227.14285714285714,228.73333333333332,0,0
2023-05-25,237,16768.56,2023,5,2,3,0,213.0,211.0,210.0,233.0,224.14285714285714,227.73333333333332,0,0
2023-05-26,228,16618.710000000003,2023,5,2,4,0,237.0,217.0,265.0,191.0,227.85714285714286,227.86666666666667,0,0
2023-05-27,262,22625.26,2023,5,2,5,1,228.0,250.0,211.0,252.0,229.42857142857142,229.1,0,0
2023-05-28,220,17189.3,2023,5,2,6,1,262.0,234.0,202.0,218.0,231.14285714285714,229.43333333333334,0,0
2023-05-29,227,18702.73,2023,5,2,0,0,220.0,232.0,214.0,268.0,229.14285714285714,229.5,0,0
2023-05-30,214,15445.15,2023,5,2,1,0,227.0,212.0,223.0,243.0,228.42857142857142,228.13333333333333,0,0
2023-05-31,244,19199.91,2023,5,2,2,0,214.0,213.0,234.0,234.0,228.71428571428572,227.16666666666666,0,0
2023-06-01,261,18854.69,2023,6,2,3,0,244.0,237.0,211.0,226.0,233.14285714285714,227.5,0,1
2023-06-02,244,19982.219999999998,2023,6,2,4,0,261.0,228.0,217.0,233.0,236.57142857142858,228.66666666666666,0,1
2023-06-03,207,11888.92,2023,6,2,5,1,244.0,262.0,250.0,206.0,238.85714285714286,229.03333333333333,0,1
2023-06-04,248,18480.19,2023,6,2,6,1,207.0,220.0,234.0,239.0,231.0,229.06666666666666,0,1
2023-06-05,229,14784.68,2023,6,2,0,0,248.0,227.0,232.0,217.0,235.0,229.36666666666667,0,1
2023-06-06,238,18983.18,2023,6,2,1,0,229.0,214.0,212.0,253.0,235.28571428571428,229.76666666666668,0,1
2023-06-07,202,15982.48,2023,6,2,2,0,238.0,244.0,213.0,218.0,238.71428571428572,229.26666666666668,0,1
2023-06-08,249,21828.72,2023,6,2,3,0,202.0,261.0,237.0,263.0,232.71428571428572,228.73333333333332,0,1
2023-06-09,232,17137.97,2023,6,2,4,0,249.0,244.0,228.0,210.0,231.0,228.26666666666668,0,1
2023-06-10,249,20793.86,2023,6,2,5,1,232.0,207.0,262.0,210.0,229.28571428571428,229.0,0,1
2023-06-11,273,18052.64,2023,6,2,6,1,249.0,248.0,220.0,265.0,235.28571428571428,230.3,0,1
2023-06-12,223,19759.850000000002,2023,6,2,0,0,273.0,229.0,227.0,211.0,238.85714285714286,230.56666666666666,0,1
2023-06-13,237,20334.76,2023,6,2,1,0,223.0,238.0,214.0,202.0,238.0,230.96666666666667,0,1
2023-06-14,252,18632.26,2023,6,2,2,0,237.0,202.0,244.0,214.0,237.85714285714286,232.13333333333333,0,1
2023-06-15,265,18470.03,2023,6,2,3,0,252.0,249.0,261.0,223.0,245.0,233.4,0,1
2023-06-16,252,16851.21,2023,6,2,4,0,265.0,232.0,244.0,234.0,247.28571428571428,234.8,0,1
2023-06-17,239,19809.710000000003,2023,6,2,5,1,252.0,249.0,207.0,211.0,250.14285714285714,235.4,0,1
2023-06-18,247,17233.35,2023,6,2,6,1,239.0,273.0,248.0,217.0,248.71428571428572,236.33333333333334,0,1
2023-06-19,265,17213.63,2023,6,2,0,0,247.0,223.0,229.0,250.0,245.0,237.33333333333334,0,1
2023-06-20,223,17287.489999999998,2023,6,2,1,0,265.0,237.0,238.0,234.0,251.0,237.83333333333334,0,1
2023-06-21,282,18981.7,2023,6,2,2,0,223.0,252.0,202.0,232.0,249.0,237.46666666666667,0,1
2023-06-22,249,16606.08,2023,6,2,3,0,282.0,265.0,249.0,212.0,253.28571428571428,239.13333333333333,0,1
2023-06-23,271,19708.370000000003,2023,6,2,4,0,249.0,252.0,232.0,213.0,251.0,240.36666666666667,0,1
2023-06-24,275,18403.79,2023,6,2,5,1,271.0,239.0,249.0,237.0,253.71428571428572,242.3,0,1
2023-06-25,267,22460.239999999998,2023,6,2,6,1,275.0,247.0,273.0,228.0,258.85714285714283,243.56666666666666,0,1
2023-06-26,243,17508.55,2023,6,2,0,0,267.0,265.0,223.0,262.0,261.7142857142857,244.86666666666667,0,1
2023-06-27,235,19342.309999999998,2023,6,2,1,0,243.0,223.0,237.0,220.0,258.57142857142856,244.23333333333332,0,1
2023-06-28,254,19313.4,2023,6,2,2,0,235.0,282.0,252.0,227.0,260.2857142857143,244.73333333333332,0,1
2023-06-29,252,20432.14,2023,6,2,3,0,254.0,249.0,265.0,214.0,256.2857142857143,245.63333333333333,0,1
2023-06-30,280,19741.71,2023,6,2,4,0,252.0,271.0,252.0,244.0,256.7142857142857,246.9,0,1
2023-07-01,253,18126.32,2023,7,3,5,1,280.0,275.0,239.0,261.0,258.0,248.1,0,1
2023-07-02,290,22209.15,2023,7,3,6,1,253.0,267.0,247.0,244.0,254.85714285714286,247.83333333333334,0,1
2023-07-03,284,24129.15,2023,7,3,0,0,290.0,243.0,265.0,207.0,258.14285714285717,249.36666666666667,0,1
2023-07-04,207,16060.810000000001,2023,7,3,1,0,284.0,235.0,223.0,248.0,264.0,251.93333333333334,0,1
2023-07-05,237,18818.03,2023,7,3,2,0,207.0,254.0,282.0,229.0,260.0,250.56666666666666,0,1
2023-07-06,285,22988.99,2023,7,3,3,0,237.0,252.0,249.0,238.0,257.57142857142856,250.83333333333334,0,1
2023-07-07,266,21701.02,2023,7,3,4,0,285.0,280.0,271.0,202.0,262.2857142857143,252.4,0,1
2023-07-08,242,20591.420000000002,2023,7,3,5,1,266.0,253.0,275.0,249.0,260.2857142857143,254.53333333333333,0,1
2023-07-09,263,18248.08,2023,7,3,6,1,242.0,290.0,267.0,232.0,258.7142857142857,254.3,0,1
2023-07-10,233,19051.45,2023,7,3,0,0,263.0,284.0,243.0,249.0,254.85714285714286,255.33333333333334,0,1
2023-07-11,267,20554.02,2023,7,3,1,0,233.0,207.0,235.0,273.0,247.57142857142858,254.8,0,1
2023-07-12,257,18704.72,2023,7,3,2,0,267.0,237.0,254.0,223.0,256.14285714285717,254.6,0,1
2023-07-13,261,17158.04,2023,7,3,3,0,257.0,285.0,252.0,237.0,259.0,255.73333333333332,0,1
2023-07-14,292,24769.07,2023,7,3,4,0,261.0,266.0,280.0,252.0,255.57142857142858,256.53333333333336,0,1
2023-07-15,263,19850.15,2023,7,3,5,1,292.0,242.0,253.0,265.0,259.2857142857143,257.8666666666667,0,1
2023-07-16,259,17305.899999999998,2023,7,3,6,1,263.0,263.0,290.0,252.0,262.2857142857143,257.8,0,1
2023-07-17,239,16527.86,2023,7,3,0,0,259.0,233.0,284.0,239.0,261.7142857142857,258.03333333333336,0,1
2023-07-18,277,20475.15,2023,7,3,1,0,239.0,267.0,207.0,247.0,262.57142857142856,258.03333333333336,0,1
2023-07-19,279,20162.26,2023,7,3,2,0,277.0,257.0,237.0,265.0,264.0,259.03333333333336,0,1
2023-07-20,250,19066.82,2023,7,3,3,0,279.0,261.0,285.0,223.0,267.14285714285717,259.5,0,1
2023-07-21,274,21507.760000000002,2023,7,3,4,0,250.0,292.0,266.0,282.0,265.57142857142856,260.4,0,1
2023-07-22,265,20112.670000000002,2023,7,3,5,1,274.0,263.0,242.0,249.0,263.0,260.1333333333333,0,1
2023-07-23,266,22296.81,2023,7,3,6,1,265.0,259.0,263.0,271.0,263.2857142857143,260.6666666666667,0,1
2023-07-24,247,16527.84,2023,7,3,0,0,266.0,239.0,233.0,275.0,264.2857142857143,260.5,0,1
2023-07-25,269,19221.739999999998,2023,7,3,1,0,247.0,277.0,267.0,267.0,265.42857142857144,259.56666666666666,0,1
2023-07-26,264,17547.82,2023,7,3,2,0,269.0,279.0,257.0,243.0,264.2857142857143,259.6333333333333,0,1
2023-07-27,260,19000.58,2023,7,3,3,0,264.0,250.0,261.0,235.0,262.14285714285717,260.3333333333333,0,1
2023-07-28,238,18381.79,2023,7,3,4,0,260.0,274.0,292.0,254.0,263.57142857142856,261.1666666666667,0,1
2023-07-29,288,22109.0,2023,7,3,5,1,238.0,265.0,263.0,252.0,258.42857142857144,260.6333333333333,0,1
2023-07-30,274,19053.46,2023,7,3,6,1,288.0,266.0,259.0,280.0,261.7142857142857,261.8333333333333,0,1
2023-07-31,218,14129.24,2023,7,3,0,0,274.0,247.0,239.0,253.0,262.85714285714283,261.6333333333333,0,1
2023-08-01,293,21778.420000000002,2023,8,3,1,0,218.0,269.0,277.0,290.0,258.7142857142857,260.46666666666664,0,1
2023-08-02,306,25170.989999999998,2023,8,3,2,0,293.0,264.0,279.0,284.0,262.14285714285717,260.56666666666666,0,1
2023-08-03,267,18020.7,2023,8,3,3,0,306.0,260.0,250.0,207.0,268.14285714285717,261.3,0,1
2023-08-04,239,19803.34,2023,8,3,4,0,267.0,238.0,274.0,237.0,269.14285714285717,263.3,0,1
2023-08-05,262,19482.079999999998,2023,8,3,5,1,239.0,288.0,265.0,285.0,269.2857142857143,263.3666666666667,0,1
2023-08-06,275,23391.01,2023,8,3,6,1,262.0,274.0,266.0,266.0,265.57142857142856,262.6,0,1
2023-08-07,251,19654.89,2023,8,3,0,0,275.0,218.0,247.0,242.0,265.7142857142857,262.9,0,1
2023-08-08,274,19472.48,2023,8,3,1,0,251.0,293.0,269.0,263.0,270.42857142857144,263.2,0,1
2023-08-09,272,21076.05,2023,8,3,2,0,274.0,306.0,264.0,233.0,267.7142857142857,263.56666666666666,0,1
2023-08-10,250,16719.629999999997,2023,8,3,3,0,272.0,267.0,260.0,267.0,262.85714285714283,264.8666666666667,0,1
2023-08-11,265,17685.21,2023,8,3,4,0,250.0,239.0,238.0,257.0,260.42857142857144,264.3,0,1
2023-08-12,270,18281.25,2023,8,3,5,1,265.0,262.0,288.0,261.0,264.14285714285717,264.56666666666666,0,1
2023-08-13,243,17993.82,2023,8,3,6,1,270.0,275.0,274.0,292.0,265.2857142857143,264.8666666666667,0,1
2023-08-14,296,21693.62,2023,8,3,0,0,243.0,251.0,218.0,263.0,260.7142857142857,263.23333333333335,0,1
2023-08-15,275,19243.06,2023,8,3,1,0,296.0,274.0,293.0,259.0,267.14285714285717,264.3333333333333,0,1
2023-08-16,268,22462.19,2023,8,3,2,0,275.0,272.0,306.0,239.0,267.2857142857143,264.8666666666667,0,1
2023-08-17,282,23278.82,2023,8,3,3,0,268.0,250.0,267.0,277.0,266.7142857142857,265.8333333333333,0,1
2023-08-18,291,24655.43,2023,8,3,4,0,282.0,265.0,239.0,279.0,271.2857142857143,266.0,0,1
2023-08-19,310,25613.04,2023,8,3,5,1,291.0,270.0,262.0,250.0,275.0,266.4,0,1
2023-08-20,289,21166.75,2023,8,3,6,1,310.0,243.0,275.0,274.0,280.7142857142857,268.4,0,1
2023-08-21,280,20336.0,2023,8,3,0,0,289.0,296.0,251.0,265.0,287.2857142857143,268.9,0,1
2023-08-22,291,21541.1,2023,8,3,1,0,280.0,275.0,274.0,266.0,285.0,269.4,0,1
2023-08-23,293,21932.24,2023,8,3,2,0,291.0,268.0,272.0,247.0,287.2857142857143,270.23333333333335,0,1
2023-08-24,287,24043.79,2023,8,3,3,0,293.0,282.0,250.0,269.0,290.85714285714283,271.76666666666665,0,1
2023-08-25,280,20162.87,2023,8,3,4,0,287.0,291.0,265.0,264.0,291.57142857142856,272.3666666666667,0,1
2023-08-26,267,22506.25,2023,8,3,5,1,280.0,310.0,270.0,260.0,290.0,272.9,0,1
2023-08-27,260,17885.63,2023,8,3,6,1,267.0,289.0,243.0,238.0,283.85714285714283,273.1333333333333,0,1
2023-08-28,245,17639.75,2023,8,3,0,0,260.0,280.0,296.0,288.0,279.7142857142857,273.8666666666667,0,1
2023-08-29,270,21379.7,2023,8,3,1,0,245.0,291.0,275.0,274.0,274.7142857142857,272.43333333333334,0,1
2023-08-30,252,15692.8,2023,8,3,2,0,270.0,293.0,268.0,218.0,271.7142857142857,272.3,0,1
2023-08-31,254,18962.32,2023,8,3,3,0,252.0,287.0,282.0,293.0,265.85714285714283,273.43333333333334,0,1
2023-09-01,237,16800.5,2023,9,3,4,0,254.0,280.0,291.0,306.0,261.14285714285717,272.1333333333333,0,0
2023-09-02,279,17978.21,2023,9,3,5,1,237.0,267.0,310.0,267.0,255.0,269.8333333333333,0,0
2023-09-03,298,20893.309999999998,2023,9,3,6,1,279.0,260.0,289.0,239.0,256.7142857142857,270.23333333333335,0,0
2023-09-04,302,23919.93,2023,9,3,0,0,298.0,245.0,280.0,262.0,262.14285714285717,272.2,0,0
2023-09-05,276,20654.21,2023,9,3,1,0,302.0,270.0,291.0,275.0,270.2857142857143,273.53333333333336,0,0
2023-09-06,310,25088.89,2023,9,3,2,0,276.0,252.0,293.0,251.0,271.14285714285717,273.56666666666666,0,0
2023-09-07,276,17779.18,2023,9,3,3,0,310.0,254.0,287.0,274.0,279.42857142857144,275.53333333333336,0,0
2023-09-08,260,17055.47,2023,9,3,4,0,276.0,237.0,280.0,272.0,282.57142857142856,275.6,0,0
2023-09-09,289,19919.69,2023,9,3,5,1,260.0,279.0,267.0,250.0,285.85714285714283,275.2,0,0
2023-09-10,268,20484.8,2023,9,3,6,1,289.0,298.0,260.0,265.0,287.2857142857143,276.5,0,0
2023-09-11,248,16672.91,2023,9,3,0,0,268.0,302.0,245.0,270.0,283.0,276.6,0,0
2023-09-12,315,24519.02,2023,9,3,1,0,248.0,276.0,270.0,243.0,275.2857142857143,275.8666666666667,0,0
2023-09-13,333,23756.07,2023,9,3,2,0,315.0,310.0,252.0,296.0,280.85714285714283,278.26666666666665,0,0
2023-09-14,288,25134.86,2023,9,3,3,0,333.0,276.0,254.0,275.0,284.14285714285717,279.5,0,0
2023-09-15,279,17985.47,2023,9,3,4,0,288.0,260.0,237.0,268.0,285.85714285714283,279.93333333333334,0,0
2023-09-16,284,18350.73,2023,9,3,5,1,279.0,289.0,279.0,282.0,288.57142857142856,280.3,0,0
2023-09-17,298,22600.72,2023,9,3,6,1,284.0,268.0,298.0,291.0,287.85714285714283,280.3666666666667,0,0
2023-09-18,300,20779.74,2023,9,3,0,0,298.0,248.0,302.0,310.0,292.14285714285717,280.6,0,0
2023-09-19,308,19966.879999999997,2023,9,3,1,0,300.0,315.0,276.0,289.0,299.57142857142856,280.26666666666665,0,0
2023-09-20,271,21235.649999999998,2023,9,3,2,0,308.0,333.0,310.0,280.0,298.57142857142856,280.9,0,0
2023-09-21,274,23006.019999999997,2023,9,3,3,0,271.0,288.0,276.0,291.0,289.7142857142857,280.6,0,0
2023-09-22,267,22096.190000000002,2023,9,3,4,0,274.0,279.0,260.0,293.0,287.7142857142857,280.03333333333336,0,0
2023-09-23,275,24252.6,2023,9,3,5,1,267.0,284.0,289.0,287.0,286.0,279.1666666666667,0,0
2023-09-24,288,21787.73,2023,9,3,6,1,275.0,298.0,268.0,280.0,284.7142857142857,278.76666666666665,0,0
2023-09-25,256,17920.39,2023,9,3,0,0,288.0,300.0,248.0,267.0,283.2857142857143,279.03333333333336,0,0
2023-09-26,306,18691.149999999998,2023,9,3,1,0,256.0,308.0,315.0,260.0,277.0,278.6666666666667,0,0
2023-09-27,298,22019.829999999998,2023,9,3,2,0,306.0,271.0,333.0,245.0,276.7142857142857,280.2,0,0
2023-09-28,253,20702.49,2023,9,3,3,0,298.0,274.0,288.0,270.0,280.57142857142856,281.96666666666664,0,0
2023-09-29,260,19713.09,2023,9,3,4,0,253.0,267.0,279.0,252.0,277.57142857142856,281.4,0,0
2023-09-30,295,21973.9,2023,9,3,5,1,260.0,275.0,284.0,254.0,276.57142857142856,281.6666666666667,0,0
2023-10-01,276,22433.58,2023,10,4,6,1,295.0,288.0,298.0,237.0,279.42857142857144,283.03333333333336,0,0
2023-10-02,312,25613.38,2023,10,4,0,0,276.0,256.0,300.0,279.0,277.7142857142857,284.3333333333333,0,0
2023-10-03,337,23727.15,2023,10,4,1,0,312.0,306.0,308.0,298.0,285.7142857142857,285.43333333333334,0,0
2023-10-04,321,22963.27,2023,10,4,2,0,337.0,298.0,271.0,302.0,290.14285714285717,286.73333333333335,0,0
2023-10-05,315,19551.03,2023,10,4,3,0,321.0,253.0,274.0,276.0,293.42857142857144,287.3666666666667,0,0
2023-10-06,282,24037.54,2023,10,4,4,0,315.0,260.0,267.0,310.0,302.2857142857143,288.6666666666667,0,0
2023-10-07,292,22706.62,2023,10,4,5,1,282.0,295.0,275.0,276.0,305.42857142857144,287.73333333333335,0,0
2023-10-08,317,27033.86,2023,10,4,6,1,292.0,276.0,288.0,260.0,305.0,288.26666666666665,0,0
2023-10-09,300,21281.32,2023,10,4,0,0,317.0,312.0,256.0,289.0,310.85714285714283,290.1666666666667,0,0
2023-10-10,307,20833.94,2023,10,4,1,0,300.0,337.0,306.0,268.0,309.14285714285717,290.53333333333336,0,0
2023-10-11,271,19770.25,2023,10,4,2,0,307.0,321.0,298.0,248.0,304.85714285714283,291.8333333333333,0,0
2023-10-12,311,23415.95,2023,10,4,3,0,271.0,315.0,253.0,315.0,297.7142857142857,292.6,0,0
2023-10-13,302,20644.38,2023,10,4,4,0,311.0,282.0,260.0,333.0,297.14285714285717,292.46666666666664,0,0
2023-10-14,311,22614.670000000002,2023,10,4,5,1,302.0,292.0,295.0,288.0,300.0,291.43333333333334,0,0
2023-10-15,305,24696.21,2023,10,4,6,1,311.0,317.0,276.0,279.0,302.7142857142857,292.2,0,0
2023-10-16,290,22570.59,2023,10,4,0,0,305.0,300.0,312.0,284.0,301.0,293.06666666666666,0,0
2023-10-17,294,26759.73,2023,10,4,1,0,290.0,307.0,337.0,298.0,299.57142857142856,293.26666666666665,0,0
2023-10-18,280,19662.5,2023,10,4,2,0,294.0,271.0,321.0,300.0,297.7142857142857,293.1333333333333,0,0
2023-10-19,292,24420.05,2023,10,4,3,0,280.0,311.0,315.0,308.0,299.0,292.46666666666664,0,0
2023-10-20,273,18384.71,2023,10,4,4,0,292.0,302.0,282.0,271.0,296.2857142857143,291.93333333333334,0,0
2023-10-21,290,21902.9,2023,10,4,5,1,273.0,311.0,292.0,274.0,292.14285714285717,292.0,0,0
2023-10-22,305,21995.26,2023,10,4,6,1,290.0,305.0,317.0,267.0,289.14285714285717,292.53333333333336,0,0
2023-10-23,297,22290.309999999998,2023,10,4,0,0,305.0,290.0,300.0,275.0,289.14285714285717,293.8,0,0
2023-10-24,303,22467.780000000002,2023,10,4,1,0,297.0,294.0,307.0,288.0,290.14285714285717,294.53333333333336,0,0
2023-10-25,286,22360.48,2023,10,4,2,0,303.0,280.0,271.0,256.0,291.42857142857144,295.03333333333336,0,0
2023-10-26,278,24365.280000000002,2023,10,4,3,0,286.0,292.0,311.0,306.0,292.2857142857143,296.03333333333336,0,0
2023-10-27,268,18712.2,2023,10,4,4,0,278.0,273.0,302.0,298.0,290.2857142857143,295.1,0,0
2023-10-28,291,24947.96,2023,10,4,5,1,268.0,290.0,311.0,253.0,289.57142857142856,294.1,0,0
2023-10-29,296,24305.43,2023,10,4,6,1,291.0,305.0,305.0,260.0,289.7142857142857,295.3666666666667,0,0
2023-10-30,270,18948.86,2023,10,4,0,0,296.0,297.0,290.0,295.0,288.42857142857144,296.56666666666666,0,0
2023-10-31,296,19946.99,2023,10,4,1,0,270.0,303.0,294.0,276.0,284.57142857142856,295.73333333333335,0,0
2023-11-01,312,22517.289999999997,2023,11,4,2,0,296.0,286.0,280.0,312.0,283.57142857142856,296.4,1,0
2023-11-02,306,23086.71,2023,11,4,3,0,312.0,278.0,292.0,337.0,287.2857142857143,296.4,1,0
2023-11-03,337,27618.2,2023,11,4,4,0,306.0,268.0,273.0,321.0,291.2857142857143,295.3666666666667,1,0
2023-11-04,272,18932.72,2023,11,4,5,1,337.0,291.0,290.0,315.0,301.14285714285717,295.9,1,0
2023-11-05,283,22748.17,2023,11,4,6,1,272.0,296.0,305.0,282.0,298.42857142857144,294.46666666666664,1,0
2023-11-06,319,26140.45,2023,11,4,0,0,283.0,270.0,297.0,292.0,296.57142857142856,294.5,1,0
2023-11-07,323,26621.649999999998,2023,11,4,1,0,319.0,296.0,303.0,317.0,303.57142857142856,295.4,1,0
2023-11-08,339,25063.65,2023,11,4,2,0,323.0,312.0,286.0,300.0,307.42857142857144,295.6,1,0
2023-11-09,314,21735.46,2023,11,4,3,0,339.0,306.0,278.0,307.0,311.2857142857143,296.9,1,0
2023-11-10,302,21990.16,2023,11,4,4,0,314.0,337.0,268.0,271.0,312.42857142857144,297.1333333333333,1,0
2023-11-11,339,25536.7,2023,11,4,5,1,302.0,272.0,291.0,311.0,307.42857142857144,298.1666666666667,1,0
2023-11-12,321,23249.8,2023,11,4,6,1,339.0,283.0,296.0,302.0,317.0,299.1,1,0
2023-11-13,272,19407.97,2023,11,4,0,0,321.0,319.0,270.0,311.0,322.42857142857144,299.73333333333335,1,0
2023-11-14,290,18775.15,2023,11,4,1,0,272.0,323.0,296.0,305.0,315.7142857142857,298.43333333333334,1,0
2023-11-15,282,22166.300000000003,2023,11,4,2,0,290.0,339.0,312.0,290.0,311.0,297.93333333333334,1,0
2023-11-16,312,22134.17,2023,11,4,3,0,282.0,314.0,306.0,294.0,302.85714285714283,297.6666666666667,1,0
2023-11-17,307,25508.710000000003,2023,11,4,4,0,312.0,302.0,337.0,280.0,302.57142857142856,298.26666666666665,1,0
2023-11-18,331,24323.0,2023,11,4,5,1,307.0,339.0,272.0,292.0,303.2857142857143,299.1666666666667,1,0
2023-11-19,280,21773.12,2023,11,4,6,1,331.0,321.0,283.0,273.0,302.14285714285717,300.46666666666664,1,0
2023-11-20,294,22266.940000000002,2023,11,4,0,0,280.0,272.0,319.0,290.0,296.2857142857143,300.7,1,0
2023-11-21,325,26463.37,2023,11,4,1,0,294.0,290.0,323.0,305.0,299.42857142857144,300.8333333333333,1,0
2023-11-22,265,18389.45,2023,11,4,2,0,325.0,282.0,339.0,297.0,304.42857142857144,301.5,1,0
2023-11-23,314,22730.0,2023,11,4,3,0,265.0,312.0,314.0,303.0,302.0,300.43333333333334,1,0
2023-11-24,323,24593.64,2023,11,4,4,0,314.0,307.0,302.0,286.0,302.2857142857143,300.8,1,0
2023-11-25,293,20740.59,2023,11,4,5,1,323.0,331.0,339.0,278.0,304.57142857142856,302.03333333333336,1,0
2023-11-26,285,21673.92,2023,11,4,6,1,293.0,280.0,321.0,268.0,299.14285714285717,302.53333333333336,1,0
2023-11-27,289,26385.350000000002,2023,11,4,0,0,285.0,294.0,272.0,291.0,299.85714285714283,303.1,1,0
2023-11-28,310,25279.460000000003,2023,11,4,1,0,289.0,325.0,290.0,296.0,299.14285714285717,303.03333333333336,1,0
2023-11-29,311,25465.47,2023,11,4,2,0,310.0,265.0,282.0,270.0,297.0,303.5,1,0
2023-11-30,315,23181.34,2023,11,4,3,0,311.0,314.0,312.0,296.0,303.57142857142856,304.8666666666667,1,0
2023-12-01,176,12981.86,2023,12,4,4,0,315.0,323.0,307.0,312.0,303.7142857142857,305.5,1,0
2023-12-02,159,10464.13,2023,12,4,5,1,176.0,293.0,331.0,306.0,282.7142857142857,300.96666666666664,1,0
2023-12-03,215,19375.62,2023,12,4,6,1,159.0,285.0,280.0,337.0,263.57142857142856,296.06666666666666,1,0
2023-12-04,178,11495.539999999999,2023,12,4,0,0,215.0,289.0,294.0,272.0,253.57142857142858,292.0,1,0
2023-12-05,155,12163.35,2023,12,4,1,0,178.0,310.0,325.0,283.0,237.71428571428572,288.8666666666667,1,0
2023-12-06,163,12001.45,2023,12,4,2,0,155.0,311.0,265.0,319.0,215.57142857142858,284.6,1,0
2023-12-07,163,11926.79,2023,12,4,3,0,163.0,315.0,314.0,323.0,194.42857142857142,279.4,1,0
2023-12-08,170,14867.490000000002,2023,12,4,4,0,163.0,176.0,323.0,339.0,172.71428571428572,274.06666666666666,1,0
2023-12-09,196,13627.64,2023,12,4,5,1,170.0,159.0,293.0,314.0,171.85714285714286,268.43333333333334,1,0
2023-12-10,171,13248.21,2023,12,4,6,1,196.0,215.0,285.0,302.0,177.14285714285714,264.5,1,0
2023-12-11,179,12565.0,2023,12,4,0,0,171.0,178.0,289.0,339.0,170.85714285714286,260.1333333333333,1,0
2023-12-12,204,18360.13,2023,12,4,1,0,179.0,155.0,310.0,321.0,171.0,254.8,1,0
2023-12-13,159,9725.74,2023,12,4,2,0,204.0,163.0,311.0,272.0,178.0,250.9,1,0
2023-12-14,154,11128.310000000001,2023,12,4,3,0,159.0,163.0,315.0,290.0,177.42857142857142,247.13333333333333,1,0
2023-12-15,165,11654.439999999999,2023,12,4,4,0,154.0,170.0,176.0,282.0,176.14285714285714,242.6,1,0
2023-12-16,166,15074.519999999999,2023,12,4,5,1,165.0,196.0,159.0,312.0,175.42857142857142,238.7,1,0
2023-12-17,188,12613.02,2023,12,4,6,1,166.0,171.0,215.0,307.0,171.14285714285714,233.83333333333334,1,0
2023-12-18,176,12478.060000000001,2023,12,4,0,0,188.0,179.0,178.0,331.0,173.57142857142858,229.86666666666667,1,0
2023-12-19,165,11499.8,2023,12,4,1,0,176.0,204.0,155.0,280.0,173.14285714285714,224.7,1,0
2023-12-20,173,13957.42,2023,12,4,2,0,165.0,159.0,163.0,294.0,167.57142857142858,220.86666666666667,1,0
2023-12-21,182,10689.9,2023,12,4,3,0,173.0,154.0,163.0,325.0,169.57142857142858,216.83333333333334,1,0
2023-12-22,186,14112.78,2023,12,4,4,0,182.0,165.0,170.0,265.0,173.57142857142858,212.06666666666666,1,0
2023-12-23,159,9964.05,2023,12,4,5,1,186.0,166.0,196.0,314.0,176.57142857142858,209.43333333333334,1,0
2023-12-24,172,14029.220000000001,2023,12,4,6,1,159.0,188.0,171.0,323.0,175.57142857142858,204.26666666666668,1,0
2023-12-25,193,12997.27,2023,12,4,0,0,172.0,176.0,179.0,293.0,173.28571428571428,199.23333333333332,1,0
2023-12-26,166,10132.67,2023,12,4,1,0,193.0,165.0,204.0,285.0,175.71428571428572,195.9,1,0
2023-12-27,162,13002.960000000001,2023,12,4,2,0,166.0,173.0,159.0,289.0,175.85714285714286,191.93333333333334,1,0
2023-12-28,162,14030.98,2023,12,4,3,0,162.0,182.0,154.0,310.0,174.28571428571428,187.7,1,0
2023-12-29,187,13101.869999999999,2023,12,4,4,0,162.0,186.0,165.0,311.0,171.42857142857142,182.76666666666668,1,0
2023-12-30,184,14397.61,2023,12,4,5,1,187.0,159.0,166.0,315.0,171.57142857142858,178.63333333333333,1,0
2023-12-31,188,14974.42,2023,12,4,6,1,184.0,172.0,188.0,176.0,175.14285714285714,174.26666666666668,1,0
2024-01-01,186,12126.599999999999,2024,1,1,0,0,188.0,193.0,176.0,159.0,177.42857142857142,174.66666666666666,0,0
